Name,pop_combined,area_km2,density,type
Segafim,237694,695.2882373,341.8639742,rural
Beit Govrin,251614,695.2882373,361.8844481,rural
Bnei Brit,615284,695.2882373,884.9337109,rural
Aseret,744726,599.2854074,1242.690028,rural
Tinshemet,1341652,695.2882373,1929.634255,rural
Hertzeliya,1924010,395.795565,4861.120665,city
Shontsino,2310649,425.7159407,5427.677893,city
Bridge,2483963,436.4241062,5691.626481,city
Center,2261995,386.6413779,5850.369695,city
Jaffa,2162245,349.6858626,6183.392671,city
