Name,pop_combined,area_km2
Aseret,744726.0,599.2854074
Beit Govrin,251614.0,695.2882373
Bnei Brit,615284.0,695.2882373
Bridge,2483963.0,436.4241062
Center,2261995.0,386.6413779
Hertzeliya,1924010.0,395.795565
Jaffa,2162245.0,349.6858626
Segafim,237694.0,695.2882373
Shontsino,2310649.0,425.7159407
Tinshemet,1341652.0,695.2882373
